{
  "project_info": {
    "project_number": "467502898570",
    "firebase_url": "https://heyfood-d2f34.firebaseio.com",
    "project_id": "heyfood-d2f34",
    "storage_bucket": "heyfood-d2f34.appspot.com"
  },
  "client": [
    {
      "client_info": {
        "mobilesdk_app_id": "1:467502898570:android:60d00b190465192acb7c73",
        "android_client_info": {
          "package_name": "org.heyfood.heyfoodapp"
        }
      },
      "oauth_client": [
        {
          "client_id": "467502898570-60c8gd2ognam17ji7hg90g1shurdklgr.apps.googleusercontent.com",
          "client_type": 3
        }
      ],
      "api_key": [
        {
          "current_key": "AIzaSyBeHPewZvCclW8nQMR2XICJ4ZbXLwW61xc"
        }
      ],
      "services": {
        "appinvite_service": {
          "other_platform_oauth_client": [
            {
              "client_id": "467502898570-60c8gd2ognam17ji7hg90g1shurdklgr.apps.googleusercontent.com",
              "client_type": 3
            }
          ]
        }
      }
    }
  ],
  "configuration_version": "1"
}